URL,label
https://www.google.com,1
https://www.youtube.com,1
https://www.facebook.com,1
https://www.instagram.com,1
https://www.twitter.com,1
https://www.linkedin.com,1
https://www.amazon.com,1
https://www.wikipedia.org,1
https://www.reddit.com,1
https://www.github.com,1
https://www.stackoverflow.com,1
https://www.microsoft.com,1
https://www.apple.com,1
https://www.netflix.com,1
https://www.spotify.com,1
https://www.dropbox.com,1
https://www.paypal.com,1
https://www.ebay.com,1
https://www.yahoo.com,1
https://www.bing.com,1
https://www.nytimes.com,1
https://www.bbc.com,1
https://www.cnn.com,1
https://www.adobe.com,1
https://www.salesforce.com,1
https://www.zoom.us,1
https://www.slack.com,1
https://www.notion.so,1
https://www.figma.com,1
https://www.twitch.tv,1
